Workbook

Sheet 원자료_공시누적_백만원
A1: 대한광통신(010170) 생산능력·생산실적 — DART 정기보고서 원문 누적치
A2: 단위: 백만원 · 각 보고서에 적힌 누적 수치 그대로 옮긴 값(파란 글씨). 분기값은 이 표의 인접 행 차분이며 '분기별_억원' 시트에서 계산한다.
A4: 분기 | B4: 기간(누적) | C4: 보고서 | D4: 접수일 | E4: 통신 능력 | F4: 통신 실적 | G4: 전력 능력 | H4: 전력 실적 | I4: AL 능력 | J4: AL 실적 | K4: INCAB통신 능력 | L4: INCAB통신 실적 | M4: INCAB전력 능력 | N4: INCAB전력 실적 | O4: 합계 능력 | P4: 합계 실적 | Q4: 가동률
A5: 1Q24 | B5: 제51기 1분기(누적 3M) | C5: 분기보고서(2024.03) | D5: 2024-05-16 | E5: 14673 | F5: 12472 | G5: 1567 | H5: 1097 | I5: 17795 | J5: 13662 | O5: =SUM(E5,G5,I5,K5,M5) -> 34035 | P5: =SUM(F5,H5,J5,L5,N5) -> 27231 | Q5: =IF(O5=0,"",P5/O5) -> 0.80008814
A6: 2Q24 | B6: 제51기 반기(누적 6M) | C6: 반기보고서(2024.06) | D6: 2024-08-14 | E6: 29298 | F6: 24904 | G6: 4044 | H6: 2831 | I6: 37260 | J6: 26082 | O6: =SUM(E6,G6,I6,K6,M6) -> 70602 | P6: =SUM(F6,H6,J6,L6,N6) -> 53817 | Q6: =IF(O6=0,"",P6/O6) -> 0.76225886
A7: 3Q24 | B7: 제51기 3분기(누적 9M) | C7: 분기보고서(2024.09) | D7: 2024-11-14 | E7: 40479 | F7: 34407 | G7: 7869 | H7: 5509 | I7: 65103 | J7: 45572 | O7: =SUM(E7,G7,I7,K7,M7) -> 113451 | P7: =SUM(F7,H7,J7,L7,N7) -> 85488 | Q7: =IF(O7=0,"",P7/O7) -> 0.75352355
A8: 4Q24 | B8: 제51기 연간(누적 12M) | C8: 사업보고서(2024.12) | D8: 2025-03-20 | E8: 52017 | F8: 44215 | G8: 9894 | H8: 6926 | I8: 92682 | J8: 64877 | O8: =SUM(E8,G8,I8,K8,M8) -> 154593 | P8: =SUM(F8,H8,J8,L8,N8) -> 116018 | Q8: =IF(O8=0,"",P8/O8) -> 0.75047382
A9: 1Q25 | B9: 제52기 1분기(누적 3M) | C9: 분기보고서(2025.03) | D9: 2025-05-14 | E9: 12768 | F9: 10853 | G9: 1556 | H9: 1089 | I9: 16150 | J9: 11305 | O9: =SUM(E9,G9,I9,K9,M9) -> 30474 | P9: =SUM(F9,H9,J9,L9,N9) -> 23247 | Q9: =IF(O9=0,"",P9/O9) -> 0.76284702
A10: 2Q25 | B10: 제52기 반기(누적 6M) | C10: 반기보고서(2025.06) | D10: 2025-08-14 | E10: 26565 | F10: 22580 | G10: 4606 | H10: 3224 | I10: 34052 | J10: 23837 | O10: =SUM(E10,G10,I10,K10,M10) -> 65223 | P10: =SUM(F10,H10,J10,L10,N10) -> 49641 | Q10: =IF(O10=0,"",P10/O10) -> 0.76109655
A11: 3Q25 | B11: 제52기 3분기(누적 9M) | C11: 분기보고서(2025.09) | D11: 2025-11-12 | E11: 39744 | F11: 33782 | G11: 8691 | H11: 6084 | I11: 42736 | J11: 29915 | O11: =SUM(E11,G11,I11,K11,M11) -> 91171 | P11: =SUM(F11,H11,J11,L11,N11) -> 69781 | Q11: =IF(O11=0,"",P11/O11) -> 0.76538592
A12: 4Q25 | B12: 제52기 연간(누적 12M) | C12: 사업보고서(2025.12) | D12: 2026-03-19 | E12: 51747 | F12: 43984 | G12: 11972 | H12: 8380 | I12: 54823 | J12: 38376 | O12: =SUM(E12,G12,I12,K12,M12) -> 118542 | P12: =SUM(F12,H12,J12,L12,N12) -> 90740 | Q12: =IF(O12=0,"",P12/O12) -> 0.76546709
A13: 1Q26 | B13: 제53기 1분기(누적 3M) | C13: 분기보고서(2026.03) | D13: 2026-05-15 | E13: 14265 | F13: 12125 | G13: 7783 | H13: 5448 | I13: 16317 | J13: 11422 | O13: =SUM(E13,G13,I13,K13,M13) -> 38365 | P13: =SUM(F13,H13,J13,L13,N13) -> 28995 | Q13: =IF(O13=0,"",P13/O13) -> 0.75576698
A14: 2Q26 | B14: 제53기 반기(누적 6M) | C14: 반기보고서(2026.06) | D14: 2026-08-14 | E14: 36688 | F14: 31185 | G14: 10812 | H14: 7568 | I14: 42653 | J14: 29857 | K14: 3951 | L14: 2372 | M14: 11925 | N14: 4638 | O14: =SUM(E14,G14,I14,K14,M14) -> 106029 | P14: =SUM(F14,H14,J14,L14,N14) -> 75620 | Q14: =IF(O14=0,"",P14/O14) -> 0.71320111
A16: 연간 참고치 — 사업보고서(2024.12)의 비교 열에 실린 과거 연간 수치
A17: 제49기(2022) 연간 | B17: 사업보고서(2024.12) 비교열 | D17: 2025-03-20 | E17: 110832 | F17: 94208 | G17: 8987 | H17: 6291 | I17: 61631 | J17: 47317 | O17: =SUM(E17,G17,I17) -> 181450 | P17: =SUM(F17,H17,J17) -> 147816 | Q17: =IF(O17=0,"",P17/O17) -> 0.81463764
A18: 제50기(2023) 연간 | B18: 사업보고서(2024.12) 비교열 | D18: 2025-03-20 | E18: 93136 | F18: 79165 | G18: 13500 | H18: 9450 | I18: 66753 | J18: 51249 | O18: =SUM(E18,G18,I18) -> 173389 | P18: =SUM(F18,H18,J18) -> 139864 | Q18: =IF(O18=0,"",P18/O18) -> 0.80664863
A20: 출처: DART 대한광통신 정기보고서 Ⅱ.사업의 내용 › 3.생산 및 설비 (생산능력·생산실적). 원문 링크는 '출처_주석' 시트 참조. INCAB AMERICA LLC는 2026-04-30 지분 90% 취득으로 연결 편입돼 2Q26(2개월분)부터 표에 나타난다.

Sheet 분기별_억원
A1: 대한광통신 분기별 생산능력·생산실적·가동률 (연결)
A2: 단위: 억원 (공시 원단위 백만원 ÷ 100) · 누적 공시치의 차분 · 기준일 2026-09-03 · 모든 값은 '원자료_공시누적_백만원' 시트를 참조하는 수식이다.
A4: 연도·분기(억원) | B4: 연결 합계 | E4: 통신사업 | H4: 전력사업 | K4: AL사업(티에프오네트웍스) | N4: INCAB 제외 연결 | Q4: INCAB AMERICA
B5: 생산능력 | C5: 생산실적 | D5: 가동률 | E5: 생산능력 | F5: 생산실적 | G5: 가동률 | H5: 생산능력 | I5: 생산실적 | J5: 가동률 | K5: 생산능력 | L5: 생산실적 | M5: 가동률 | N5: 생산능력 | O5: 생산실적 | P5: 가동률 | Q5: 생산능력 | R5: 생산실적 | S5: 가동률
A6: 1Q24 | B6: =E6+H6+K6+IF(Q6="",0,Q6) -> 340.35 | C6: =F6+I6+L6+IF(R6="",0,R6) -> 272.31 | D6: =IF(B6=0,"",C6/B6) -> 0.80008814 | E6: =원자료_공시누적_백만원!E5/100 -> 146.73 | F6: =원자료_공시누적_백만원!F5/100 -> 124.72 | G6: =IF(E6=0,"",F6/E6) -> 0.84999659 | H6: =원자료_공시누적_백만원!G5/100 -> 15.67 | I6: =원자료_공시누적_백만원!H5/100 -> 10.97 | J6: =IF(H6=0,"",I6/H6) -> 0.70006382 | K6: =원자료_공시누적_백만원!I5/100 -> 177.95 | L6: =원자료_공시누적_백만원!J5/100 -> 136.62 | M6: =IF(K6=0,"",L6/K6) -> 0.76774375 | N6: =E6+H6+K6 -> 340.35 | O6: =F6+I6+L6 -> 272.31 | P6: =IF(N6=0,"",O6/N6) -> 0.80008814
A7: 2Q24 | B7: =E7+H7+K7+IF(Q7="",0,Q7) -> 365.67 | C7: =F7+I7+L7+IF(R7="",0,R7) -> 265.86 | D7: =IF(B7=0,"",C7/B7) -> 0.72704898 | E7: =(원자료_공시누적_백만원!E6-원자료_공시누적_백만원!E5)/100 -> 146.25 | F7: =(원자료_공시누적_백만원!F6-원자료_공시누적_백만원!F5)/100 -> 124.32 | G7: =IF(E7=0,"",F7/E7) -> 0.85005128 | H7: =(원자료_공시누적_백만원!G6-원자료_공시누적_백만원!G5)/100 -> 24.77 | I7: =(원자료_공시누적_백만원!H6-원자료_공시누적_백만원!H5)/100 -> 17.34 | J7: =IF(H7=0,"",I7/H7) -> 0.70004037 | K7: =(원자료_공시누적_백만원!I6-원자료_공시누적_백만원!I5)/100 -> 194.65 | L7: =(원자료_공시누적_백만원!J6-원자료_공시누적_백만원!J5)/100 -> 124.2 | M7: =IF(K7=0,"",L7/K7) -> 0.63806833 | N7: =E7+H7+K7 -> 365.67 | O7: =F7+I7+L7 -> 265.86 | P7: =IF(N7=0,"",O7/N7) -> 0.72704898
A8: 3Q24 | B8: =E8+H8+K8+IF(Q8="",0,Q8) -> 428.49 | C8: =F8+I8+L8+IF(R8="",0,R8) -> 316.71 | D8: =IF(B8=0,"",C8/B8) -> 0.73913043 | E8: =(원자료_공시누적_백만원!E7-원자료_공시누적_백만원!E6)/100 -> 111.81 | F8: =(원자료_공시누적_백만원!F7-원자료_공시누적_백만원!F6)/100 -> 95.03 | G8: =IF(E8=0,"",F8/E8) -> 0.84992398 | H8: =(원자료_공시누적_백만원!G7-원자료_공시누적_백만원!G6)/100 -> 38.25 | I8: =(원자료_공시누적_백만원!H7-원자료_공시누적_백만원!H6)/100 -> 26.78 | J8: =IF(H8=0,"",I8/H8) -> 0.70013072 | K8: =(원자료_공시누적_백만원!I7-원자료_공시누적_백만원!I6)/100 -> 278.43 | L8: =(원자료_공시누적_백만원!J7-원자료_공시누적_백만원!J6)/100 -> 194.9 | M8: =IF(K8=0,"",L8/K8) -> 0.69999641 | N8: =E8+H8+K8 -> 428.49 | O8: =F8+I8+L8 -> 316.71 | P8: =IF(N8=0,"",O8/N8) -> 0.73913043
A9: 4Q24 | B9: =E9+H9+K9+IF(Q9="",0,Q9) -> 411.42 | C9: =F9+I9+L9+IF(R9="",0,R9) -> 305.3 | D9: =IF(B9=0,"",C9/B9) -> 0.74206407 | E9: =(원자료_공시누적_백만원!E8-원자료_공시누적_백만원!E7)/100 -> 115.38 | F9: =(원자료_공시누적_백만원!F8-원자료_공시누적_백만원!F7)/100 -> 98.08 | G9: =IF(E9=0,"",F9/E9) -> 0.85006067 | H9: =(원자료_공시누적_백만원!G8-원자료_공시누적_백만원!G7)/100 -> 20.25 | I9: =(원자료_공시누적_백만원!H8-원자료_공시누적_백만원!H7)/100 -> 14.17 | J9: =IF(H9=0,"",I9/H9) -> 0.69975309 | K9: =(원자료_공시누적_백만원!I8-원자료_공시누적_백만원!I7)/100 -> 275.79 | L9: =(원자료_공시누적_백만원!J8-원자료_공시누적_백만원!J7)/100 -> 193.05 | M9: =IF(K9=0,"",L9/K9) -> 0.69998912 | N9: =E9+H9+K9 -> 411.42 | O9: =F9+I9+L9 -> 305.3 | P9: =IF(N9=0,"",O9/N9) -> 0.74206407
A10: 1Q25 | B10: =E10+H10+K10+IF(Q10="",0,Q10) -> 304.74 | C10: =F10+I10+L10+IF(R10="",0,R10) -> 232.47 | D10: =IF(B10=0,"",C10/B10) -> 0.76284702 | E10: =원자료_공시누적_백만원!E9/100 -> 127.68 | F10: =원자료_공시누적_백만원!F9/100 -> 108.53 | G10: =IF(E10=0,"",F10/E10) -> 0.85001566 | H10: =원자료_공시누적_백만원!G9/100 -> 15.56 | I10: =원자료_공시누적_백만원!H9/100 -> 10.89 | J10: =IF(H10=0,"",I10/H10) -> 0.69987147 | K10: =원자료_공시누적_백만원!I9/100 -> 161.5 | L10: =원자료_공시누적_백만원!J9/100 -> 113.05 | M10: =IF(K10=0,"",L10/K10) -> 0.7 | N10: =E10+H10+K10 -> 304.74 | O10: =F10+I10+L10 -> 232.47 | P10: =IF(N10=0,"",O10/N10) -> 0.76284702
A11: 2Q25 | B11: =E11+H11+K11+IF(Q11="",0,Q11) -> 347.49 | C11: =F11+I11+L11+IF(R11="",0,R11) -> 263.94 | D11: =IF(B11=0,"",C11/B11) -> 0.75956143 | E11: =(원자료_공시누적_백만원!E10-원자료_공시누적_백만원!E9)/100 -> 137.97 | F11: =(원자료_공시누적_백만원!F10-원자료_공시누적_백만원!F9)/100 -> 117.27 | G11: =IF(E11=0,"",F11/E11) -> 0.84996738 | H11: =(원자료_공시누적_백만원!G10-원자료_공시누적_백만원!G9)/100 -> 30.5 | I11: =(원자료_공시누적_백만원!H10-원자료_공시누적_백만원!H9)/100 -> 21.35 | J11: =IF(H11=0,"",I11/H11) -> 0.7 | K11: =(원자료_공시누적_백만원!I10-원자료_공시누적_백만원!I9)/100 -> 179.02 | L11: =(원자료_공시누적_백만원!J10-원자료_공시누적_백만원!J9)/100 -> 125.32 | M11: =IF(K11=0,"",L11/K11) -> 0.70003352 | N11: =E11+H11+K11 -> 347.49 | O11: =F11+I11+L11 -> 263.94 | P11: =IF(N11=0,"",O11/N11) -> 0.75956143
A12: 3Q25 | B12: =E12+H12+K12+IF(Q12="",0,Q12) -> 259.48 | C12: =F12+I12+L12+IF(R12="",0,R12) -> 201.4 | D12: =IF(B12=0,"",C12/B12) -> 0.77616772 | E12: =(원자료_공시누적_백만원!E11-원자료_공시누적_백만원!E10)/100 -> 131.79 | F12: =(원자료_공시누적_백만원!F11-원자료_공시누적_백만원!F10)/100 -> 112.02 | G12: =IF(E12=0,"",F12/E12) -> 0.84998862 | H12: =(원자료_공시누적_백만원!G11-원자료_공시누적_백만원!G10)/100 -> 40.85 | I12: =(원자료_공시누적_백만원!H11-원자료_공시누적_백만원!H10)/100 -> 28.6 | J12: =IF(H12=0,"",I12/H12) -> 0.7001224 | K12: =(원자료_공시누적_백만원!I11-원자료_공시누적_백만원!I10)/100 -> 86.84 | L12: =(원자료_공시누적_백만원!J11-원자료_공시누적_백만원!J10)/100 -> 60.78 | M12: =IF(K12=0,"",L12/K12) -> 0.69990788 | N12: =E12+H12+K12 -> 259.48 | O12: =F12+I12+L12 -> 201.4 | P12: =IF(N12=0,"",O12/N12) -> 0.77616772
A13: 4Q25 | B13: =E13+H13+K13+IF(Q13="",0,Q13) -> 273.71 | C13: =F13+I13+L13+IF(R13="",0,R13) -> 209.59 | D13: =IF(B13=0,"",C13/B13) -> 0.76573746 | E13: =(원자료_공시누적_백만원!E12-원자료_공시누적_백만원!E11)/100 -> 120.03 | F13: =(원자료_공시누적_백만원!F12-원자료_공시누적_백만원!F11)/100 -> 102.02 | G13: =IF(E13=0,"",F13/E13) -> 0.84995418 | H13: =(원자료_공시누적_백만원!G12-원자료_공시누적_백만원!G11)/100 -> 32.81 | I13: =(원자료_공시누적_백만원!H12-원자료_공시누적_백만원!H11)/100 -> 22.96 | J13: =IF(H13=0,"",I13/H13) -> 0.69978665 | K13: =(원자료_공시누적_백만원!I12-원자료_공시누적_백만원!I11)/100 -> 120.87 | L13: =(원자료_공시누적_백만원!J12-원자료_공시누적_백만원!J11)/100 -> 84.61 | M13: =IF(K13=0,"",L13/K13) -> 0.70000827 | N13: =E13+H13+K13 -> 273.71 | O13: =F13+I13+L13 -> 209.59 | P13: =IF(N13=0,"",O13/N13) -> 0.76573746
A14: 1Q26 | B14: =E14+H14+K14+IF(Q14="",0,Q14) -> 383.65 | C14: =F14+I14+L14+IF(R14="",0,R14) -> 289.95 | D14: =IF(B14=0,"",C14/B14) -> 0.75576698 | E14: =원자료_공시누적_백만원!E13/100 -> 142.65 | F14: =원자료_공시누적_백만원!F13/100 -> 121.25 | G14: =IF(E14=0,"",F14/E14) -> 0.84998247 | H14: =원자료_공시누적_백만원!G13/100 -> 77.83 | I14: =원자료_공시누적_백만원!H13/100 -> 54.48 | J14: =IF(H14=0,"",I14/H14) -> 0.69998715 | K14: =원자료_공시누적_백만원!I13/100 -> 163.17 | L14: =원자료_공시누적_백만원!J13/100 -> 114.22 | M14: =IF(K14=0,"",L14/K14) -> 0.70000613 | N14: =E14+H14+K14 -> 383.65 | O14: =F14+I14+L14 -> 289.95 | P14: =IF(N14=0,"",O14/N14) -> 0.75576698
A15: 2Q26 | B15: =E15+H15+K15+IF(Q15="",0,Q15) -> 676.64 | C15: =F15+I15+L15+IF(R15="",0,R15) -> 466.25 | D15: =IF(B15=0,"",C15/B15) -> 0.68906656 | E15: =(원자료_공시누적_백만원!E14-원자료_공시누적_백만원!E13)/100 -> 224.23 | F15: =(원자료_공시누적_백만원!F14-원자료_공시누적_백만원!F13)/100 -> 190.6 | G15: =IF(E15=0,"",F15/E15) -> 0.85002007 | H15: =(원자료_공시누적_백만원!G14-원자료_공시누적_백만원!G13)/100 -> 30.29 | I15: =(원자료_공시누적_백만원!H14-원자료_공시누적_백만원!H13)/100 -> 21.2 | J15: =IF(H15=0,"",I15/H15) -> 0.69990096 | K15: =(원자료_공시누적_백만원!I14-원자료_공시누적_백만원!I13)/100 -> 263.36 | L15: =(원자료_공시누적_백만원!J14-원자료_공시누적_백만원!J13)/100 -> 184.35 | M15: =IF(K15=0,"",L15/K15) -> 0.69999241 | N15: =E15+H15+K15 -> 517.88 | O15: =F15+I15+L15 -> 396.15 | P15: =IF(N15=0,"",O15/N15) -> 0.76494555 | Q15: =(원자료_공시누적_백만원!K14+원자료_공시누적_백만원!M14)/100 -> 158.76 | R15: =(원자료_공시누적_백만원!L14+원자료_공시누적_백만원!N14)/100 -> 70.1 | S15: =IF(Q15=0,"",R15/Q15) -> 0.44154699
A16: 연도·분기(억원) | B16: 연결 합계 | E16: 통신사업 | H16: 전력사업 | K16: AL사업(티에프오네트웍스) | N16: INCAB 제외 연결
B17: 생산능력 | C17: 생산실적 | D17: 가동률 | E17: 생산능력 | F17: 생산실적 | G17: 가동률 | H17: 생산능력 | I17: 생산실적 | J17: 가동률 | K17: 생산능력 | L17: 생산실적 | M17: 가동률 | N17: 생산능력 | O17: 생산실적 | P17: 가동률
A18: 2024년 합계 | B18: =SUM(B6:B9) -> 1545.93 | C18: =SUM(C6:C9) -> 1160.18 | D18: =IF(B18=0,"",C18/B18) -> 0.75047382 | E18: =SUM(E6:E9) -> 520.17 | F18: =SUM(F6:F9) -> 442.15 | G18: =IF(E18=0,"",F18/E18) -> 0.85001057 | H18: =SUM(H6:H9) -> 98.94 | I18: =SUM(I6:I9) -> 69.26 | J18: =IF(H18=0,"",I18/H18) -> 0.70002021 | K18: =SUM(K6:K9) -> 926.82 | L18: =SUM(L6:L9) -> 648.77 | M18: =IF(K18=0,"",L18/K18) -> 0.69999568 | N18: =SUM(N6:N9) -> 1545.93 | O18: =SUM(O6:O9) -> 1160.18 | P18: =IF(N18=0,"",O18/N18) -> 0.75047382 | Q18: =SUM(Q6:Q9) -> 0 | R18: =SUM(R6:R9) -> 0 | S18: =IF(Q18=0,"",R18/Q18)
A19: 2025년 합계 | B19: =SUM(B10:B13) -> 1185.42 | C19: =SUM(C10:C13) -> 907.4 | D19: =IF(B19=0,"",C19/B19) -> 0.76546709 | E19: =SUM(E10:E13) -> 517.47 | F19: =SUM(F10:F13) -> 439.84 | G19: =IF(E19=0,"",F19/E19) -> 0.84998164 | H19: =SUM(H10:H13) -> 119.72 | I19: =SUM(I10:I13) -> 83.8 | J19: =IF(H19=0,"",I19/H19) -> 0.69996659 | K19: =SUM(K10:K13) -> 548.23 | L19: =SUM(L10:L13) -> 383.76 | M19: =IF(K19=0,"",L19/K19) -> 0.69999818 | N19: =SUM(N10:N13) -> 1185.42 | O19: =SUM(O10:O13) -> 907.4 | P19: =IF(N19=0,"",O19/N19) -> 0.76546709 | Q19: =SUM(Q10:Q13) -> 0 | R19: =SUM(R10:R13) -> 0 | S19: =IF(Q19=0,"",R19/Q19)
A20: 2026년 상반기 합계 | B20: =SUM(B14:B15) -> 1060.29 | C20: =SUM(C14:C15) -> 756.2 | D20: =IF(B20=0,"",C20/B20) -> 0.71320111 | E20: =SUM(E14:E15) -> 366.88 | F20: =SUM(F14:F15) -> 311.85 | G20: =IF(E20=0,"",F20/E20) -> 0.85000545 | H20: =SUM(H14:H15) -> 108.12 | I20: =SUM(I14:I15) -> 75.68 | J20: =IF(H20=0,"",I20/H20) -> 0.699963 | K20: =SUM(K14:K15) -> 426.53 | L20: =SUM(L14:L15) -> 298.57 | M20: =IF(K20=0,"",L20/K20) -> 0.69999766 | N20: =SUM(N14:N15) -> 901.53 | O20: =SUM(O14:O15) -> 686.1 | P20: =IF(N20=0,"",O20/N20) -> 0.76103957 | Q20: =SUM(Q14:Q15) -> 158.76 | R20: =SUM(R14:R15) -> 70.1 | S20: =IF(Q20=0,"",R20/Q20) -> 0.44154699
A21: 과거 연간 실적의 분기평균 — 같은 설비가 과거에 찍어낸 수준(물리적 여유를 재는 잣대)
A22: 제49기(2022) 연간 ÷4 | B22: =E22+H22+K22 -> 453.625 | C22: =F22+I22+L22 -> 369.54 | D22: =IF(B22=0,"",C22/B22) -> 0.81463764 | E22: =원자료_공시누적_백만원!E17/4/100 -> 277.08 | F22: =원자료_공시누적_백만원!F17/4/100 -> 235.52 | G22: =IF(E22=0,"",F22/E22) -> 0.85000722 | H22: =원자료_공시누적_백만원!G17/4/100 -> 22.4675 | I22: =원자료_공시누적_백만원!H17/4/100 -> 15.7275 | J22: =IF(H22=0,"",I22/H22) -> 0.70001113 | K22: =원자료_공시누적_백만원!I17/4/100 -> 154.0775 | L22: =원자료_공시누적_백만원!J17/4/100 -> 118.2925 | M22: =IF(K22=0,"",L22/K22) -> 0.76774675 | N22: =B22 -> 453.625 | O22: =C22 -> 369.54 | P22: =D22 -> 0.81463764
A23: 제50기(2023) 연간 ÷4 | B23: =E23+H23+K23 -> 433.4725 | C23: =F23+I23+L23 -> 349.66 | D23: =IF(B23=0,"",C23/B23) -> 0.80664863 | E23: =원자료_공시누적_백만원!E18/4/100 -> 232.84 | F23: =원자료_공시누적_백만원!F18/4/100 -> 197.9125 | G23: =IF(E23=0,"",F23/E23) -> 0.84999356 | H23: =원자료_공시누적_백만원!G18/4/100 -> 33.75 | I23: =원자료_공시누적_백만원!H18/4/100 -> 23.625 | J23: =IF(H23=0,"",I23/H23) -> 0.7 | K23: =원자료_공시누적_백만원!I18/4/100 -> 166.8825 | L23: =원자료_공시누적_백만원!J18/4/100 -> 128.1225 | M23: =IF(K23=0,"",L23/K23) -> 0.76774078 | N23: =B23 -> 433.4725 | O23: =C23 -> 349.66 | P23: =D23 -> 0.80664863
A25: ■ 읽는 법
A26: · 4Q 값 = 사업보고서 연간 누적치 − 3분기 누적치. 1Q 값 = 1분기 보고서 누적치 그대로.
A27: · 글자색: 파랑=공시 원문 하드코딩, 검정=이 시트 내 계산, 초록=다른 시트 참조.
A28: · 2Q26 연결 합계는 INCAB AMERICA 2개월분을 포함한다. 시계열 비교는 'INCAB 제외 연결' 열을 쓴다.
A30: ■ 이 표에서 가동률로 증설 여부를 판단하면 안 되는 이유
A31: · 대한광통신은 생산능력을 「당기 생산량에 대한 제조원가금액 기준」으로 산출한다고 공시했다.
A32: · 통신사업 개별 분기 가동률은 84.992~85.006%, 전력사업은 69.975~70.013%다. 소수점까지 똑같지는 않다.
A33: · 그러나 진폭이 각각 0.014%p, 0.038%p로 백만원 단위 반올림 오차 범위다. 사실상 85%·70% 상수다.
A34: · 즉 생산능력 = 생산실적 ÷ 고정비율로 역산된 값이고, 가동률은 설비 여유를 담고 있지 않다.
A35: · 예외는 AL사업뿐이다. 1Q24 76.774%, 2Q24 63.807%로 실제 변동이 있었고 3Q24부터 70.0%로 고정됐다.
A36: · 합계 가동률이 68.9~80.0% 사이에서 흔들리는 것은 부문 믹스 변화일 뿐이다.
A37: · 자릿수까지 확인하려면 '가동률_검증' 시트를 볼 것.
... A39: · 다만 고밀도 광케이블은 인출 효율이 낮아 같은 금액이 더 많은 설비시간을 먹을 수 있다. 실제 한계는 더 가까울 수 있다.

Sheet 차트
A1: 대한광통신 생산능력·생산실적·가동률 추이 (1Q24~2Q26)
A2: 데이터 원천: '분기별_억원' 시트. 분기가 행이므로 차트의 가로축도 분기다.
A64: ③ 참고선: 통신사업 2022년 분기평균 235.5억 · 2023년 분기평균 197.9억 (‘분기별_억원’ 시트 노란 행). 2Q26 통신 실적은 190.6억으로 아직 그 아래다.

Sheet 가동률_검증
A1: 가동률이 정말 분기마다 똑같은가 — 소수점 셋째 자리까지 확인
A2: 왼쪽은 공시에 실린 누적치 기준, 오른쪽은 그 누적치를 차분해 만든 개별 분기 기준이다. 두 블록 모두 '원자료_공시누적_백만원' 시트를 참조하는 수식이며 표시 자릿수는 0.000%다.
A4: 분기 | B4: 누적 공시치 기준 | E4: 개별 분기(차분) 기준
B5: 통신 | C5: 전력 | D5: AL | E5: 통신 | F5: 전력 | G5: AL
A6: 1Q24 | B6: =원자료_공시누적_백만원!F5/원자료_공시누적_백만원!E5 -> 0.84999659 | C6: =원자료_공시누적_백만원!H5/원자료_공시누적_백만원!G5 -> 0.70006382 | D6: =원자료_공시누적_백만원!J5/원자료_공시누적_백만원!I5 -> 0.76774375 | E6: =원자료_공시누적_백만원!F5/원자료_공시누적_백만원!E5 -> 0.84999659 | F6: =원자료_공시누적_백만원!H5/원자료_공시누적_백만원!G5 -> 0.70006382 | G6: =원자료_공시누적_백만원!J5/원자료_공시누적_백만원!I5 -> 0.76774375
A7: 2Q24 | B7: =원자료_공시누적_백만원!F6/원자료_공시누적_백만원!E6 -> 0.85002389 | C7: =원자료_공시누적_백만원!H6/원자료_공시누적_백만원!G6 -> 0.70004946 | D7: =원자료_공시누적_백만원!J6/원자료_공시누적_백만원!I6 -> 0.7 | E7: =(원자료_공시누적_백만원!F6-원자료_공시누적_백만원!F5)/(원자료_공시누적_백만원!E6-원자료_공시누적_백만원!E5) -> 0.85005128 | F7: =(원자료_공시누적_백만원!H6-원자료_공시누적_백만원!H5)/(원자료_공시누적_백만원!G6-원자료_공시누적_백만원!G5) -> 0.70004037 | G7: =(원자료_공시누적_백만원!J6-원자료_공시누적_백만원!J5)/(원자료_공시누적_백만원!I6-원자료_공시누적_백만원!I5) -> 0.63806833
A8: 3Q24 | B8: =원자료_공시누적_백만원!F7/원자료_공시누적_백만원!E7 -> 0.84999629 | C8: =원자료_공시누적_백만원!H7/원자료_공시누적_백만원!G7 -> 0.70008896 | D8: =원자료_공시누적_백만원!J7/원자료_공시누적_백만원!I7 -> 0.69999846 | E8: =(원자료_공시누적_백만원!F7-원자료_공시누적_백만원!F6)/(원자료_공시누적_백만원!E7-원자료_공시누적_백만원!E6) -> 0.84992398 | F8: =(원자료_공시누적_백만원!H7-원자료_공시누적_백만원!H6)/(원자료_공시누적_백만원!G7-원자료_공시누적_백만원!G6) -> 0.70013072 | G8: =(원자료_공시누적_백만원!J7-원자료_공시누적_백만원!J6)/(원자료_공시누적_백만원!I7-원자료_공시누적_백만원!I6) -> 0.69999641
A9: 4Q24 | B9: =원자료_공시누적_백만원!F8/원자료_공시누적_백만원!E8 -> 0.85001057 | C9: =원자료_공시누적_백만원!H8/원자료_공시누적_백만원!G8 -> 0.70002021 | D9: =원자료_공시누적_백만원!J8/원자료_공시누적_백만원!I8 -> 0.69999568 | E9: =(원자료_공시누적_백만원!F8-원자료_공시누적_백만원!F7)/(원자료_공시누적_백만원!E8-원자료_공시누적_백만원!E7) -> 0.85006067 | F9: =(원자료_공시누적_백만원!H8-원자료_공시누적_백만원!H7)/(원자료_공시누적_백만원!G8-원자료_공시누적_백만원!G7) -> 0.69975309 | G9: =(원자료_공시누적_백만원!J8-원자료_공시누적_백만원!J7)/(원자료_공시누적_백만원!I8-원자료_공시누적_백만원!I7) -> 0.69998912
A10: 1Q25 | B10: =원자료_공시누적_백만원!F9/원자료_공시누적_백만원!E9 -> 0.85001566 | C10: =원자료_공시누적_백만원!H9/원자료_공시누적_백만원!G9 -> 0.69987147 | D10: =원자료_공시누적_백만원!J9/원자료_공시누적_백만원!I9 -> 0.7 | E10: =원자료_공시누적_백만원!F9/원자료_공시누적_백만원!E9 -> 0.85001566 | F10: =원자료_공시누적_백만원!H9/원자료_공시누적_백만원!G9 -> 0.69987147 | G10: =원자료_공시누적_백만원!J9/원자료_공시누적_백만원!I9 -> 0.7
A11: 2Q25 | B11: =원자료_공시누적_백만원!F10/원자료_공시누적_백만원!E10 -> 0.84999059 | C11: =원자료_공시누적_백만원!H10/원자료_공시누적_백만원!G10 -> 0.69995658 | D11: =원자료_공시누적_백만원!J10/원자료_공시누적_백만원!I10 -> 0.70001762 | E11: =(원자료_공시누적_백만원!F10-원자료_공시누적_백만원!F9)/(원자료_공시누적_백만원!E10-원자료_공시누적_백만원!E9) -> 0.84996738 | F11: =(원자료_공시누적_백만원!H10-원자료_공시누적_백만원!H9)/(원자료_공시누적_백만원!G10-원자료_공시누적_백만원!G9) -> 0.7 | G11: =(원자료_공시누적_백만원!J10-원자료_공시누적_백만원!J9)/(원자료_공시누적_백만원!I10-원자료_공시누적_백만원!I9) -> 0.70003352
A12: 3Q25 | B12: =원자료_공시누적_백만원!F11/원자료_공시누적_백만원!E11 -> 0.84998994 | C12: =원자료_공시누적_백만원!H11/원자료_공시누적_백만원!G11 -> 0.70003452 | D12: =원자료_공시누적_백만원!J11/원자료_공시누적_백만원!I11 -> 0.69999532 | E12: =(원자료_공시누적_백만원!F11-원자료_공시누적_백만원!F10)/(원자료_공시누적_백만원!E11-원자료_공시누적_백만원!E10) -> 0.84998862 | F12: =(원자료_공시누적_백만원!H11-원자료_공시누적_백만원!H10)/(원자료_공시누적_백만원!G11-원자료_공시누적_백만원!G10) -> 0.7001224 | G12: =(원자료_공시누적_백만원!J11-원자료_공시누적_백만원!J10)/(원자료_공시누적_백만원!I11-원자료_공시누적_백만원!I10) -> 0.69990788
A13: 4Q25 | B13: =원자료_공시누적_백만원!F12/원자료_공시누적_백만원!E12 -> 0.84998164 | C13: =원자료_공시누적_백만원!H12/원자료_공시누적_백만원!G12 -> 0.69996659 | D13: =원자료_공시누적_백만원!J12/원자료_공시누적_백만원!I12 -> 0.69999818 | E13: =(원자료_공시누적_백만원!F12-원자료_공시누적_백만원!F11)/(원자료_공시누적_백만원!E12-원자료_공시누적_백만원!E11) -> 0.84995418 | F13: =(원자료_공시누적_백만원!H12-원자료_공시누적_백만원!H11)/(원자료_공시누적_백만원!G12-원자료_공시누적_백만원!G11) -> 0.69978665 | G13: =(원자료_공시누적_백만원!J12-원자료_공시누적_백만원!J11)/(원자료_공시누적_백만원!I12-원자료_공시누적_백만원!I11) -> 0.70000827
A14: 1Q26 | B14: =원자료_공시누적_백만원!F13/원자료_공시누적_백만원!E13 -> 0.84998247 | C14: =원자료_공시누적_백만원!H13/원자료_공시누적_백만원!G13 -> 0.69998715 | D14: =원자료_공시누적_백만원!J13/원자료_공시누적_백만원!I13 -> 0.70000613 | E14: =원자료_공시누적_백만원!F13/원자료_공시누적_백만원!E13 -> 0.84998247 | F14: =원자료_공시누적_백만원!H13/원자료_공시누적_백만원!G13 -> 0.69998715 | G14: =원자료_공시누적_백만원!J13/원자료_공시누적_백만원!I13 -> 0.70000613
A15: 2Q26 | B15: =원자료_공시누적_백만원!F14/원자료_공시누적_백만원!E14 -> 0.85000545 | C15: =원자료_공시누적_백만원!H14/원자료_공시누적_백만원!G14 -> 0.699963 | D15: =원자료_공시누적_백만원!J14/원자료_공시누적_백만원!I14 -> 0.69999766 | E15: =(원자료_공시누적_백만원!F14-원자료_공시누적_백만원!F13)/(원자료_공시누적_백만원!E14-원자료_공시누적_백만원!E13) -> 0.85002007 | F15: =(원자료_공시누적_백만원!H14-원자료_공시누적_백만원!H13)/(원자료_공시누적_백만원!G14-원자료_공시누적_백만원!G13) -> 0.69990096 | G15: =(원자료_공시누적_백만원!J14-원자료_공시누적_백만원!J13)/(원자료_공시누적_백만원!I14-원자료_공시누적_백만원!I13) -> 0.69999241
A16: 최댓값 | B16: =MAX(B6:B15) -> 0.85002389 | C16: =MAX(C6:C15) -> 0.70008896 | D16: =MAX(D6:D15) -> 0.76774375 | E16: =MAX(E6:E15) -> 0.85006067 | F16: =MAX(F6:F15) -> 0.70013072 | G16: =MAX(G6:G15) -> 0.76774375
A17: 최솟값 | B17: =MIN(B6:B15) -> 0.84998164 | C17: =MIN(C6:C15) -> 0.69987147 | D17: =MIN(D6:D15) -> 0.69999532 | E17: =MIN(E6:E15) -> 0.84992398 | F17: =MIN(F6:F15) -> 0.69975309 | G17: =MIN(G6:G15) -> 0.63806833
A18: 진폭(%p) | B18: =(B16-B17)*100 -> 0.0042250968 | C18: =(C16-C17)*100 -> 0.021749137 | D18: =(D16-D17)*100 -> 6.7748428 | E18: =(E16-E17)*100 -> 0.013669092 | F18: =(F16-F17)*100 -> 0.037763253 | G18: =(G16-G17)*100 -> 12.967542
A20: ■ 결론
A21: · 통신·전력은 소수점까지 똑같지는 않다. 통신 84.992~85.006%, 전력 69.975~70.013%다.
A22: · 진폭이 통신 0.014%p, 전력 0.038%p에 그친다. 능력을 백만원 단위 정수로 반올림해 공시한 탓에 생기는 오차 크기다.
A23: · 검산: 2Q24 통신 분기 실적 12,432 ÷ 0.85 = 14,625.9 → 공시 능력 차분값 14,625. 차이 1백만원 미만.
A24: · 따라서 통신 85%, 전력 70%는 실측 가동률이 아니라 회사가 능력을 역산할 때 쓴 고정 계수로 보는 것이 맞다.
A26: ■ 단 하나의 예외 — AL사업(티에프오네트웍스)
A27: · 1Q24 76.774%, 2Q24 63.807%로 실제 변동이 있었고, 3Q24부터 70.000%로 고정됐다.
A28: · 즉 AL사업은 2024년 중반에 산출 방식이 바뀐 것으로 보인다. 그 이전 두 분기만 실질 변동을 담고 있다.
A30: ■ 그래서 무엇을 봐야 하나
A31: · 가동률로는 여유 CAPA를 알 수 없다. '분기별_억원' 시트의 절대 생산실적을 노란 참고행과 비교할 것.

Sheet 출처_주석
A1: 출처 · 주석 · 검증 메모
A3: 구분 | B3: 내용 | C3: 일자 | D3: 접수번호 / 링크
A4: DART 정기보고서 | B4: 대한광통신 분기보고서(2024.03) — Ⅱ.사업의 내용 › 3.생산 및 설비 (생산능력·생산실적, 백만원) | C4: 2024-05-16 | D4: 20240516002096
A5: DART 정기보고서 | B5: 대한광통신 반기보고서(2024.06) — Ⅱ.사업의 내용 › 3.생산 및 설비 (생산능력·생산실적, 백만원) | C5: 2024-08-14 | D5: 20240814004417
A6: DART 정기보고서 | B6: 대한광통신 분기보고서(2024.09) — Ⅱ.사업의 내용 › 3.생산 및 설비 (생산능력·생산실적, 백만원) | C6: 2024-11-14 | D6: 20241114002336
A7: DART 정기보고서 | B7: 대한광통신 사업보고서(2024.12) — Ⅱ.사업의 내용 › 3.생산 및 설비 (생산능력·생산실적, 백만원) | C7: 2025-03-20 | D7: 20250320001578
A8: DART 정기보고서 | B8: 대한광통신 분기보고서(2025.03) — Ⅱ.사업의 내용 › 3.생산 및 설비 (생산능력·생산실적, 백만원) | C8: 2025-05-14 | D8: 20250514001227
A9: DART 정기보고서 | B9: 대한광통신 반기보고서(2025.06) — Ⅱ.사업의 내용 › 3.생산 및 설비 (생산능력·생산실적, 백만원) | C9: 2025-08-14 | D9: 20250814003634
A10: DART 정기보고서 | B10: 대한광통신 분기보고서(2025.09) — Ⅱ.사업의 내용 › 3.생산 및 설비 (생산능력·생산실적, 백만원) | C10: 2025-11-12 | D10: 20251112000555
A11: DART 정기보고서 | B11: 대한광통신 사업보고서(2025.12) — Ⅱ.사업의 내용 › 3.생산 및 설비 (생산능력·생산실적, 백만원) | C11: 2026-03-19 | D11: 20260319000854
A12: DART 정기보고서 | B12: 대한광통신 분기보고서(2026.03) — Ⅱ.사업의 내용 › 3.생산 및 설비 (생산능력·생산실적, 백만원) | C12: 2026-05-15 | D12: 20260515002702
A13: DART 정기보고서 | B13: 대한광통신 반기보고서(2026.06) — Ⅱ.사업의 내용 › 3.생산 및 설비 (생산능력·생산실적, 백만원) | C13: 2026-08-14 | D13: 20260814002121
A14: 연결 편입 | B14: INCAB AMERICA LLC 지분 90% 취득으로 지배력 획득 — 반기보고서(2026.06) 연결재무제표 주석에 명시 | C14: 2026-04-30 | D14: 20260814002121
... A21: 작성 기준일 | B21: 2026-09-03 · 최신 반영 공시는 반기보고서(2026.06), 접수 2026-08-14 | C21: 2026-09-03 | D21: -
